userId1,userId2,similarity
1,2,0.816496580927726
1,3,0.7071067811865476
1,4,0
1,5,-0.8528028654224419
2,3,0.41247895569215265
2,4,0.6308932681440448
2,5,-0.8838834764831843
3,4,-0.16222142113076254
3,5,-0.5833333333333334
4,5,-0.48666426339228763
